<metadata xml:lang="en"><Esri><CreaDate>20220919</CreaDate><CreaTime>15342600</CreaTime><ArcGISFormat>1.0</ArcGISFormat><SyncOnce>FALSE</SyncOnce><DataProperties><itemProps><itemName Sync="TRUE">Land_Use_Allocation_Change</itemName><imsContentType Sync="TRUE">002</imsContentType><nativeExtBox><westBL Sync="TRUE">5978530.414702</westBL><eastBL Sync="TRUE">6024741.001553</eastBL><southBL Sync="TRUE">2085840.500448</southBL><northBL Sync="TRUE">2142542.679053</northBL><exTypeCode Sync="TRUE">1</exTypeCode></nativeExtBox><itemLocation><linkage Sync="TRUE">file://\\cpc-file\InfoDrive\Citywide\Core Data\Land Use Growth Allocation\2021_LUA\LUA2021_Package\LUA2021_ShapeFiles\Land_Use_Allocation_Change.shp</linkage><protocol Sync="TRUE">Local Area Network</protocol></itemLocation><itemSize Sync="TRUE">0.000</itemSize></itemProps><coordRef><type Sync="TRUE">Projected</type><geogcsn Sync="TRUE">GCS_North_American_1983</geogcsn><csUnits Sync="TRUE">Linear Unit: Foot_US (0.304801)</csUnits><projcsn Sync="TRUE">NAD_1983_StatePlane_California_III_FIPS_0403_Feet</projcsn><peXml Sync="TRUE">&lt;ProjectedCoordinateSystem xsi:type='typens:ProjectedCoordinateSystem' xmlns:xsi='http://www.w3.org/2001/XMLSchema-instance' xmlns:xs='http://www.w3.org/2001/XMLSchema' xmlns:typens='http://www.esri.com/schemas/ArcGIS/3.0.0'&gt;&lt;WKT&gt;PROJCS[&amp;quot;NAD_1983_StatePlane_California_III_FIPS_0403_Feet&amp;quot;,GEOGCS[&amp;quot;GCS_North_American_1983&amp;quot;,DATUM[&amp;quot;D_North_American_1983&amp;quot;,SPHEROID[&amp;quot;GRS_1980&amp;quot;,6378137.0,298.257222101]],PRIMEM[&amp;quot;Greenwich&amp;quot;,0.0],UNIT[&amp;quot;Degree&amp;quot;,0.0174532925199433]],PROJECTION[&amp;quot;Lambert_Conformal_Conic&amp;quot;],PARAMETER[&amp;quot;False_Easting&amp;quot;,6561666.666666666],PARAMETER[&amp;quot;False_Northing&amp;quot;,1640416.666666667],PARAMETER[&amp;quot;Central_Meridian&amp;quot;,-120.5],PARAMETER[&amp;quot;Standard_Parallel_1&amp;quot;,37.06666666666667],PARAMETER[&amp;quot;Standard_Parallel_2&amp;quot;,38.43333333333333],PARAMETER[&amp;quot;Latitude_Of_Origin&amp;quot;,36.5],UNIT[&amp;quot;Foot_US&amp;quot;,0.3048006096012192],AUTHORITY[&amp;quot;EPSG&amp;quot;,2227]]&lt;/WKT&gt;&lt;XOrigin&gt;-115860600&lt;/XOrigin&gt;&lt;YOrigin&gt;-93269500&lt;/YOrigin&gt;&lt;XYScale&gt;36787427.345686711&lt;/XYScale&gt;&lt;ZOrigin&gt;-100000&lt;/ZOrigin&gt;&lt;ZScale&gt;10000&lt;/ZScale&gt;&lt;MOrigin&gt;-100000&lt;/MOrigin&gt;&lt;MScale&gt;10000&lt;/MScale&gt;&lt;XYTolerance&gt;0.0032808333333333331&lt;/XYTolerance&gt;&lt;ZTolerance&gt;0.001&lt;/ZTolerance&gt;&lt;MTolerance&gt;0.001&lt;/MTolerance&gt;&lt;HighPrecision&gt;true&lt;/HighPrecision&gt;&lt;WKID&gt;102643&lt;/WKID&gt;&lt;LatestWKID&gt;2227&lt;/LatestWKID&gt;&lt;/ProjectedCoordinateSystem&gt;</peXml></coordRef><lineage><Process ToolSource="c:\program files\arcgis\pro\Resources\ArcToolbox\toolboxes\Data Management Tools.tbx\UpdateSchema" Date="20220802" Time="145115" Name="" export="">UpdateSchema "CIMDATA=&lt;CIMStandardDataConnection xsi:type='typens:CIMStandardDataConnection' xmlns:xsi='http://www.w3.org/2001/XMLSchema-instance' xmlns:xs='http://www.w3.org/2001/XMLSchema' xmlns:typens='http://www.esri.com/schemas/ArcGIS/3.0.0'&gt;&lt;WorkspaceConnectionString&gt;DATABASE=F:\SG_Port4TB\GIS_Citywide_DATA\DATA\LUA2\LUA.gdb&lt;/WorkspaceConnectionString&gt;&lt;WorkspaceFactory&gt;FileGDB&lt;/WorkspaceFactory&gt;&lt;Dataset&gt;TAZ_Field_Only&lt;/Dataset&gt;&lt;DatasetType&gt;esriDTFeatureClass&lt;/DatasetType&gt;&lt;/CIMStandardDataConnection&gt;" &lt;operationSequence&gt;&lt;workflow&gt;&lt;AddField&gt;&lt;field_name&gt;AreaName&lt;/field_name&gt;&lt;field_type&gt;TEXT&lt;/field_type&gt;&lt;field_length&gt;255&lt;/field_length&gt;&lt;field_is_nullable&gt;True&lt;/field_is_nullable&gt;&lt;field_is_required&gt;False&lt;/field_is_required&gt;&lt;/AddField&gt;&lt;/workflow&gt;&lt;/operationSequence&gt;</Process><Process ToolSource="c:\program files\arcgis\pro\Resources\ArcToolbox\toolboxes\Data Management Tools.tbx\CalculateField" Date="20220802" Time="145335" Name="" export="">CalculateField TAZ_Field_Only AreaName "CHAMP TAZ" "Python 3" # Text NO_ENFORCE_DOMAINS</Process><Process ToolSource="d:\program files\arcgis\pro\Resources\ArcToolbox\toolboxes\Conversion Tools.tbx\ExportFeatures" Date="20220912" Time="152807" Name="" export="">ExportFeatures TAZ_Field_Only F:\SG_Port4TB\NEW\DAG_GPAWF_LUA2021\a_Final_Product_and_Index\LUA2021_Explorer\LUA2021_Explorer.gdb\TAZ_Field_Only # NOT_USE_ALIAS "TAZ_1 "TAZ" true true false 4 Long 0 0,First,#,TAZ_Field_Only,TAZ_1,-1,-1;Shape_Length "Shape_Length" false true true 8 Double 0 0,First,#,TAZ_Field_Only,Shape_Length,-1,-1;Shape_Area "Shape_Area" false true true 8 Double 0 0,First,#,TAZ_Field_Only,Shape_Area,-1,-1;AreaName "AreaName" true true false 255 Text 0 0,First,#,TAZ_Field_Only,AreaName,0,255" #</Process><Process ToolSource="d:\program files\arcgis\pro\Resources\ArcToolbox\Toolboxes\Data Management Tools.tbx\CopyMultiple" Date="20220919" Time="153427" Name="" export="">CopyMultiple "F:\SG_Port4TB\NEW\DAG_GPAWF_LUA2021\a_Final_Product_and_Index\LUA2021_Explorer\LUA2021_Explorer.gdb\TAZ_Field_Only FeatureClass" F:\SG_Port4TB\NEW\DAG_GPAWF_LUA2021\a_Final_Product_and_Index\LUA2021_Explorer2\LUA2021_Explorer2\LUA2021_Explorer2.gdb TAZ_Field_Only "TAZ_Field_Only FeatureClass TAZ_Field_Only #"</Process><Process ToolSource="d:\program files\arcgis\pro\Resources\ArcToolbox\toolboxes\Conversion Tools.tbx\ExportFeatures" Date="20221007" Time="112151" Name="" export="">ExportFeatures TAZ_Field_Only F:\SG_Port4TB\NEW\DAG_GPAWF_LUA2021\a_Final_Product_and_Index\LUA2021_Explorer2\LUA2021_Explorer2\LUA2021_Explorer2.gdb\LUA2021_FNL_Chng # NOT_USE_ALIAS "TAZ_1 "TAZ" true true false 4 Long 0 0,First,#,TAZ_Field_Only,TAZ_Field_Only.TAZ_1,-1,-1;AreaName "AreaName" true true false 255 Text 0 0,First,#,TAZ_Field_Only,TAZ_Field_Only.AreaName,0,255;Shape_Length "Shape_Length" false true true 8 Double 0 0,First,#,TAZ_Field_Only,TAZ_Field_Only.Shape_Length,-1,-1;Shape_Area "Shape_Area" false true true 8 Double 0 0,First,#,TAZ_Field_Only,TAZ_Field_Only.Shape_Area,-1,-1;OBJECTID "OBJECTID" false true false 4 Long 0 9,First,#,TAZ_Field_Only,LUA2021v25_All_Years_CHNG_FNL_vals_ExcelToTable.OBJECTID,-1,-1;taz15_35 "taz15_35" true true false 4 Long 0 0,First,#,TAZ_Field_Only,LUA2021v25_All_Years_CHNG_FNL_vals_ExcelToTable.taz15_35,-1,-1;ru15_35 "ru15_35" true true false 4 Long 0 0,First,#,TAZ_Field_Only,LUA2021v25_All_Years_CHNG_FNL_vals_ExcelToTable.ru15_35,-1,-1;jobs15_35 "jobs15_35" true true false 4 Long 0 0,First,#,TAZ_Field_Only,LUA2021v25_All_Years_CHNG_FNL_vals_ExcelToTable.jobs15_35,-1,-1;hh15_35 "hh15_35" true true false 4 Long 0 0,First,#,TAZ_Field_Only,LUA2021v25_All_Years_CHNG_FNL_vals_ExcelToTable.hh15_35,-1,-1;cie15_35 "cie15_35" true true false 4 Long 0 0,First,#,TAZ_Field_Only,LUA2021v25_All_Years_CHNG_FNL_vals_ExcelToTable.cie15_35,-1,-1;mips15_35 "mips15_35" true true false 4 Long 0 0,First,#,TAZ_Field_Only,LUA2021v25_All_Years_CHNG_FNL_vals_ExcelToTable.mips15_35,-1,-1;ret15_35 "ret15_35" true true false 4 Long 0 0,First,#,TAZ_Field_Only,LUA2021v25_All_Years_CHNG_FNL_vals_ExcelToTable.ret15_35,-1,-1;vis15_35 "vis15_35" true true false 4 Long 0 0,First,#,TAZ_Field_Only,LUA2021v25_All_Years_CHNG_FNL_vals_ExcelToTable.vis15_35,-1,-1;med15_35 "med15_35" true true false 4 Long 0 0,First,#,TAZ_Field_Only,LUA2021v25_All_Years_CHNG_FNL_vals_ExcelToTable.med15_35,-1,-1;pdr15_35 "pdr15_35" true true false 4 Long 0 0,First,#,TAZ_Field_Only,LUA2021v25_All_Years_CHNG_FNL_vals_ExcelToTable.pdr15_35,-1,-1;taz15_50 "taz15_50" true true false 4 Long 0 0,First,#,TAZ_Field_Only,LUA2021v25_All_Years_CHNG_FNL_vals_ExcelToTable.taz15_50,-1,-1;ru15_50 "ru15_50" true true false 4 Long 0 0,First,#,TAZ_Field_Only,LUA2021v25_All_Years_CHNG_FNL_vals_ExcelToTable.ru15_50,-1,-1;jobs15_50 "jobs15_50" true true false 4 Long 0 0,First,#,TAZ_Field_Only,LUA2021v25_All_Years_CHNG_FNL_vals_ExcelToTable.jobs15_50,-1,-1;hh15_50 "hh15_50" true true false 4 Long 0 0,First,#,TAZ_Field_Only,LUA2021v25_All_Years_CHNG_FNL_vals_ExcelToTable.hh15_50,-1,-1;cie15_50 "cie15_50" true true false 4 Long 0 0,First,#,TAZ_Field_Only,LUA2021v25_All_Years_CHNG_FNL_vals_ExcelToTable.cie15_50,-1,-1;mips15_50 "mips15_50" true true false 4 Long 0 0,First,#,TAZ_Field_Only,LUA2021v25_All_Years_CHNG_FNL_vals_ExcelToTable.mips15_50,-1,-1;ret15_50 "ret15_50" true true false 4 Long 0 0,First,#,TAZ_Field_Only,LUA2021v25_All_Years_CHNG_FNL_vals_ExcelToTable.ret15_50,-1,-1;vis15_50 "vis15_50" true true false 4 Long 0 0,First,#,TAZ_Field_Only,LUA2021v25_All_Years_CHNG_FNL_vals_ExcelToTable.vis15_50,-1,-1;med15_50 "med15_50" true true false 4 Long 0 0,First,#,TAZ_Field_Only,LUA2021v25_All_Years_CHNG_FNL_vals_ExcelToTable.med15_50,-1,-1;pdr15_50 "pdr15_50" true true false 4 Long 0 0,First,#,TAZ_Field_Only,LUA2021v25_All_Years_CHNG_FNL_vals_ExcelToTable.pdr15_50,-1,-1;taz20_35 "taz20_35" true true false 4 Long 0 0,First,#,TAZ_Field_Only,LUA2021v25_All_Years_CHNG_FNL_vals_ExcelToTable.taz20_35,-1,-1;ru20_35 "ru20_35" true true false 4 Long 0 0,First,#,TAZ_Field_Only,LUA2021v25_All_Years_CHNG_FNL_vals_ExcelToTable.ru20_35,-1,-1;jobs20_35 "jobs20_35" true true false 4 Long 0 0,First,#,TAZ_Field_Only,LUA2021v25_All_Years_CHNG_FNL_vals_ExcelToTable.jobs20_35,-1,-1;hh20_35 "hh20_35" true true false 4 Long 0 0,First,#,TAZ_Field_Only,LUA2021v25_All_Years_CHNG_FNL_vals_ExcelToTable.hh20_35,-1,-1;cie20_35 "cie20_35" true true false 4 Long 0 0,First,#,TAZ_Field_Only,LUA2021v25_All_Years_CHNG_FNL_vals_ExcelToTable.cie20_35,-1,-1;mips20_35 "mips20_35" true true false 4 Long 0 0,First,#,TAZ_Field_Only,LUA2021v25_All_Years_CHNG_FNL_vals_ExcelToTable.mips20_35,-1,-1;ret20_35 "ret20_35" true true false 4 Long 0 0,First,#,TAZ_Field_Only,LUA2021v25_All_Years_CHNG_FNL_vals_ExcelToTable.ret20_35,-1,-1;vis20_35 "vis20_35" true true false 4 Long 0 0,First,#,TAZ_Field_Only,LUA2021v25_All_Years_CHNG_FNL_vals_ExcelToTable.vis20_35,-1,-1;med20_35 "med20_35" true true false 4 Long 0 0,First,#,TAZ_Field_Only,LUA2021v25_All_Years_CHNG_FNL_vals_ExcelToTable.med20_35,-1,-1;pdr20_35 "pdr20_35" true true false 4 Long 0 0,First,#,TAZ_Field_Only,LUA2021v25_All_Years_CHNG_FNL_vals_ExcelToTable.pdr20_35,-1,-1;taz20_50 "taz20_50" true true false 4 Long 0 0,First,#,TAZ_Field_Only,LUA2021v25_All_Years_CHNG_FNL_vals_ExcelToTable.taz20_50,-1,-1;ru20_50 "ru20_50" true true false 4 Long 0 0,First,#,TAZ_Field_Only,LUA2021v25_All_Years_CHNG_FNL_vals_ExcelToTable.ru20_50,-1,-1;jobs20_50 "jobs20_50" true true false 4 Long 0 0,First,#,TAZ_Field_Only,LUA2021v25_All_Years_CHNG_FNL_vals_ExcelToTable.jobs20_50,-1,-1;hh20_50 "hh20_50" true true false 4 Long 0 0,First,#,TAZ_Field_Only,LUA2021v25_All_Years_CHNG_FNL_vals_ExcelToTable.hh20_50,-1,-1;cie20_50 "cie20_50" true true false 4 Long 0 0,First,#,TAZ_Field_Only,LUA2021v25_All_Years_CHNG_FNL_vals_ExcelToTable.cie20_50,-1,-1;mips20_50 "mips20_50" true true false 4 Long 0 0,First,#,TAZ_Field_Only,LUA2021v25_All_Years_CHNG_FNL_vals_ExcelToTable.mips20_50,-1,-1;ret20_50 "ret20_50" true true false 4 Long 0 0,First,#,TAZ_Field_Only,LUA2021v25_All_Years_CHNG_FNL_vals_ExcelToTable.ret20_50,-1,-1;vis20_50 "vis20_50" true true false 4 Long 0 0,First,#,TAZ_Field_Only,LUA2021v25_All_Years_CHNG_FNL_vals_ExcelToTable.vis20_50,-1,-1;med20_50 "med20_50" true true false 4 Long 0 0,First,#,TAZ_Field_Only,LUA2021v25_All_Years_CHNG_FNL_vals_ExcelToTable.med20_50,-1,-1;pdr20_50 "pdr20_50" true true false 4 Long 0 0,First,#,TAZ_Field_Only,LUA2021v25_All_Years_CHNG_FNL_vals_ExcelToTable.pdr20_50,-1,-1;Taz15_20 "Taz15_20" true true false 4 Long 0 0,First,#,TAZ_Field_Only,LUA2021v25_All_Years_CHNG_FNL_vals_ExcelToTable.Taz15_20,-1,-1;ru15_20 "ru15_20" true true false 4 Long 0 0,First,#,TAZ_Field_Only,LUA2021v25_All_Years_CHNG_FNL_vals_ExcelToTable.ru15_20,-1,-1;jobs15_20 "jobs15_20" true true false 4 Long 0 0,First,#,TAZ_Field_Only,LUA2021v25_All_Years_CHNG_FNL_vals_ExcelToTable.jobs15_20,-1,-1;hh15_20 "hh15_20" true true false 4 Long 0 0,First,#,TAZ_Field_Only,LUA2021v25_All_Years_CHNG_FNL_vals_ExcelToTable.hh15_20,-1,-1;cie15_20 "cie15_20" true true false 4 Long 0 0,First,#,TAZ_Field_Only,LUA2021v25_All_Years_CHNG_FNL_vals_ExcelToTable.cie15_20,-1,-1;mips15_20 "mips15_20" true true false 4 Long 0 0,First,#,TAZ_Field_Only,LUA2021v25_All_Years_CHNG_FNL_vals_ExcelToTable.mips15_20,-1,-1;ret15_20 "ret15_20" true true false 4 Long 0 0,First,#,TAZ_Field_Only,LUA2021v25_All_Years_CHNG_FNL_vals_ExcelToTable.ret15_20,-1,-1;vis15_20 "vis15_20" true true false 4 Long 0 0,First,#,TAZ_Field_Only,LUA2021v25_All_Years_CHNG_FNL_vals_ExcelToTable.vis15_20,-1,-1;med15_20 "med15_20" true true false 4 Long 0 0,First,#,TAZ_Field_Only,LUA2021v25_All_Years_CHNG_FNL_vals_ExcelToTable.med15_20,-1,-1;pdr15_20 "pdr15_20" true true false 4 Long 0 0,First,#,TAZ_Field_Only,LUA2021v25_All_Years_CHNG_FNL_vals_ExcelToTable.pdr15_20,-1,-1;taz20_25 "taz20_25" true true false 4 Long 0 0,First,#,TAZ_Field_Only,LUA2021v25_All_Years_CHNG_FNL_vals_ExcelToTable.taz20_25,-1,-1;ru20_25 "ru20_25" true true false 4 Long 0 0,First,#,TAZ_Field_Only,LUA2021v25_All_Years_CHNG_FNL_vals_ExcelToTable.ru20_25,-1,-1;jobs20_25 "jobs20_25" true true false 4 Long 0 0,First,#,TAZ_Field_Only,LUA2021v25_All_Years_CHNG_FNL_vals_ExcelToTable.jobs20_25,-1,-1;hh20_25 "hh20_25" true true false 4 Long 0 0,First,#,TAZ_Field_Only,LUA2021v25_All_Years_CHNG_FNL_vals_ExcelToTable.hh20_25,-1,-1;cie20_25 "cie20_25" true true false 4 Long 0 0,First,#,TAZ_Field_Only,LUA2021v25_All_Years_CHNG_FNL_vals_ExcelToTable.cie20_25,-1,-1;mips20_25 "mips20_25" true true false 4 Long 0 0,First,#,TAZ_Field_Only,LUA2021v25_All_Years_CHNG_FNL_vals_ExcelToTable.mips20_25,-1,-1;ret20_25 "ret20_25" true true false 4 Long 0 0,First,#,TAZ_Field_Only,LUA2021v25_All_Years_CHNG_FNL_vals_ExcelToTable.ret20_25,-1,-1;vis20_25 "vis20_25" true true false 4 Long 0 0,First,#,TAZ_Field_Only,LUA2021v25_All_Years_CHNG_FNL_vals_ExcelToTable.vis20_25,-1,-1;med20_25 "med20_25" true true false 4 Long 0 0,First,#,TAZ_Field_Only,LUA2021v25_All_Years_CHNG_FNL_vals_ExcelToTable.med20_25,-1,-1;pdr20_25 "pdr20_25" true true false 4 Long 0 0,First,#,TAZ_Field_Only,LUA2021v25_All_Years_CHNG_FNL_vals_ExcelToTable.pdr20_25,-1,-1;taz25_30 "taz25_30" true true false 4 Long 0 0,First,#,TAZ_Field_Only,LUA2021v25_All_Years_CHNG_FNL_vals_ExcelToTable.taz25_30,-1,-1;ru25_30 "ru25_30" true true false 4 Long 0 0,First,#,TAZ_Field_Only,LUA2021v25_All_Years_CHNG_FNL_vals_ExcelToTable.ru25_30,-1,-1;jobs25_30 "jobs25_30" true true false 4 Long 0 0,First,#,TAZ_Field_Only,LUA2021v25_All_Years_CHNG_FNL_vals_ExcelToTable.jobs25_30,-1,-1;hh25_30 "hh25_30" true true false 4 Long 0 0,First,#,TAZ_Field_Only,LUA2021v25_All_Years_CHNG_FNL_vals_ExcelToTable.hh25_30,-1,-1;cie25_30 "cie25_30" true true false 4 Long 0 0,First,#,TAZ_Field_Only,LUA2021v25_All_Years_CHNG_FNL_vals_ExcelToTable.cie25_30,-1,-1;mips25_30 "mips25_30" true true false 4 Long 0 0,First,#,TAZ_Field_Only,LUA2021v25_All_Years_CHNG_FNL_vals_ExcelToTable.mips25_30,-1,-1;ret25_30 "ret25_30" true true false 4 Long 0 0,First,#,TAZ_Field_Only,LUA2021v25_All_Years_CHNG_FNL_vals_ExcelToTable.ret25_30,-1,-1;vis25_30 "vis25_30" true true false 4 Long 0 0,First,#,TAZ_Field_Only,LUA2021v25_All_Years_CHNG_FNL_vals_ExcelToTable.vis25_30,-1,-1;med25_30 "med25_30" true true false 4 Long 0 0,First,#,TAZ_Field_Only,LUA2021v25_All_Years_CHNG_FNL_vals_ExcelToTable.med25_30,-1,-1;pdr25_30 "pdr25_30" true true false 4 Long 0 0,First,#,TAZ_Field_Only,LUA2021v25_All_Years_CHNG_FNL_vals_ExcelToTable.pdr25_30,-1,-1;taz30_35 "taz30_35" true true false 4 Long 0 0,First,#,TAZ_Field_Only,LUA2021v25_All_Years_CHNG_FNL_vals_ExcelToTable.taz30_35,-1,-1;ru30_35 "ru30_35" true true false 4 Long 0 0,First,#,TAZ_Field_Only,LUA2021v25_All_Years_CHNG_FNL_vals_ExcelToTable.ru30_35,-1,-1;jobs30_35 "jobs30_35" true true false 4 Long 0 0,First,#,TAZ_Field_Only,LUA2021v25_All_Years_CHNG_FNL_vals_ExcelToTable.jobs30_35,-1,-1;hh30_35 "hh30_35" true true false 4 Long 0 0,First,#,TAZ_Field_Only,LUA2021v25_All_Years_CHNG_FNL_vals_ExcelToTable.hh30_35,-1,-1;cie30_35 "cie30_35" true true false 4 Long 0 0,First,#,TAZ_Field_Only,LUA2021v25_All_Years_CHNG_FNL_vals_ExcelToTable.cie30_35,-1,-1;mips30_35 "mips30_35" true true false 4 Long 0 0,First,#,TAZ_Field_Only,LUA2021v25_All_Years_CHNG_FNL_vals_ExcelToTable.mips30_35,-1,-1;ret30_35 "ret30_35" true true false 4 Long 0 0,First,#,TAZ_Field_Only,LUA2021v25_All_Years_CHNG_FNL_vals_ExcelToTable.ret30_35,-1,-1;vis30_35 "vis30_35" true true false 4 Long 0 0,First,#,TAZ_Field_Only,LUA2021v25_All_Years_CHNG_FNL_vals_ExcelToTable.vis30_35,-1,-1;med30_35 "med30_35" true true false 4 Long 0 0,First,#,TAZ_Field_Only,LUA2021v25_All_Years_CHNG_FNL_vals_ExcelToTable.med30_35,-1,-1;pdr30_35 "pdr30_35" true true false 4 Long 0 0,First,#,TAZ_Field_Only,LUA2021v25_All_Years_CHNG_FNL_vals_ExcelToTable.pdr30_35,-1,-1;taz35_40 "taz35_40" true true false 4 Long 0 0,First,#,TAZ_Field_Only,LUA2021v25_All_Years_CHNG_FNL_vals_ExcelToTable.taz35_40,-1,-1;ru35_40 "ru35_40" true true false 4 Long 0 0,First,#,TAZ_Field_Only,LUA2021v25_All_Years_CHNG_FNL_vals_ExcelToTable.ru35_40,-1,-1;jobs35_40 "jobs35_40" true true false 4 Long 0 0,First,#,TAZ_Field_Only,LUA2021v25_All_Years_CHNG_FNL_vals_ExcelToTable.jobs35_40,-1,-1;hh35_40 "hh35_40" true true false 4 Long 0 0,First,#,TAZ_Field_Only,LUA2021v25_All_Years_CHNG_FNL_vals_ExcelToTable.hh35_40,-1,-1;cie35_40 "cie35_40" true true false 4 Long 0 0,First,#,TAZ_Field_Only,LUA2021v25_All_Years_CHNG_FNL_vals_ExcelToTable.cie35_40,-1,-1;mips35_40 "mips35_40" true true false 4 Long 0 0,First,#,TAZ_Field_Only,LUA2021v25_All_Years_CHNG_FNL_vals_ExcelToTable.mips35_40,-1,-1;ret35_40 "ret35_40" true true false 4 Long 0 0,First,#,TAZ_Field_Only,LUA2021v25_All_Years_CHNG_FNL_vals_ExcelToTable.ret35_40,-1,-1;vis35_40 "vis35_40" true true false 4 Long 0 0,First,#,TAZ_Field_Only,LUA2021v25_All_Years_CHNG_FNL_vals_ExcelToTable.vis35_40,-1,-1;med35_40 "med35_40" true true false 4 Long 0 0,First,#,TAZ_Field_Only,LUA2021v25_All_Years_CHNG_FNL_vals_ExcelToTable.med35_40,-1,-1;pdr35_40 "pdr35_40" true true false 4 Long 0 0,First,#,TAZ_Field_Only,LUA2021v25_All_Years_CHNG_FNL_vals_ExcelToTable.pdr35_40,-1,-1;taz40_45 "taz40_45" true true false 4 Long 0 0,First,#,TAZ_Field_Only,LUA2021v25_All_Years_CHNG_FNL_vals_ExcelToTable.taz40_45,-1,-1;ru40_45 "ru40_45" true true false 4 Long 0 0,First,#,TAZ_Field_Only,LUA2021v25_All_Years_CHNG_FNL_vals_ExcelToTable.ru40_45,-1,-1;jobs40_45 "jobs40_45" true true false 4 Long 0 0,First,#,TAZ_Field_Only,LUA2021v25_All_Years_CHNG_FNL_vals_ExcelToTable.jobs40_45,-1,-1;hh40_45 "hh40_45" true true false 4 Long 0 0,First,#,TAZ_Field_Only,LUA2021v25_All_Years_CHNG_FNL_vals_ExcelToTable.hh40_45,-1,-1;cie40_45 "cie40_45" true true false 4 Long 0 0,First,#,TAZ_Field_Only,LUA2021v25_All_Years_CHNG_FNL_vals_ExcelToTable.cie40_45,-1,-1;mips40_45 "mips40_45" true true false 4 Long 0 0,First,#,TAZ_Field_Only,LUA2021v25_All_Years_CHNG_FNL_vals_ExcelToTable.mips40_45,-1,-1;ret40_45 "ret40_45" true true false 4 Long 0 0,First,#,TAZ_Field_Only,LUA2021v25_All_Years_CHNG_FNL_vals_ExcelToTable.ret40_45,-1,-1;vis40_45 "vis40_45" true true false 4 Long 0 0,First,#,TAZ_Field_Only,LUA2021v25_All_Years_CHNG_FNL_vals_ExcelToTable.vis40_45,-1,-1;med40_45 "med40_45" true true false 4 Long 0 0,First,#,TAZ_Field_Only,LUA2021v25_All_Years_CHNG_FNL_vals_ExcelToTable.med40_45,-1,-1;pdr40_45 "pdr40_45" true true false 4 Long 0 0,First,#,TAZ_Field_Only,LUA2021v25_All_Years_CHNG_FNL_vals_ExcelToTable.pdr40_45,-1,-1;taz45_50 "taz45_50" true true false 4 Long 0 0,First,#,TAZ_Field_Only,LUA2021v25_All_Years_CHNG_FNL_vals_ExcelToTable.taz45_50,-1,-1;ru45_50 "ru45_50" true true false 4 Long 0 0,First,#,TAZ_Field_Only,LUA2021v25_All_Years_CHNG_FNL_vals_ExcelToTable.ru45_50,-1,-1;jobs45_50 "jobs45_50" true true false 4 Long 0 0,First,#,TAZ_Field_Only,LUA2021v25_All_Years_CHNG_FNL_vals_ExcelToTable.jobs45_50,-1,-1;hh45_50 "hh45_50" true true false 4 Long 0 0,First,#,TAZ_Field_Only,LUA2021v25_All_Years_CHNG_FNL_vals_ExcelToTable.hh45_50,-1,-1;cie45_50 "cie45_50" true true false 4 Long 0 0,First,#,TAZ_Field_Only,LUA2021v25_All_Years_CHNG_FNL_vals_ExcelToTable.cie45_50,-1,-1;mips45_50 "mips45_50" true true false 4 Long 0 0,First,#,TAZ_Field_Only,LUA2021v25_All_Years_CHNG_FNL_vals_ExcelToTable.mips45_50,-1,-1;ret45_50 "ret45_50" true true false 4 Long 0 0,First,#,TAZ_Field_Only,LUA2021v25_All_Years_CHNG_FNL_vals_ExcelToTable.ret45_50,-1,-1;vis45_50 "vis45_50" true true false 4 Long 0 0,First,#,TAZ_Field_Only,LUA2021v25_All_Years_CHNG_FNL_vals_ExcelToTable.vis45_50,-1,-1;med45_50 "med45_50" true true false 4 Long 0 0,First,#,TAZ_Field_Only,LUA2021v25_All_Years_CHNG_FNL_vals_ExcelToTable.med45_50,-1,-1;pdr45_50 "pdr45_50" true true false 4 Long 0 0,First,#,TAZ_Field_Only,LUA2021v25_All_Years_CHNG_FNL_vals_ExcelToTable.pdr45_50,-1,-1" #</Process><Process ToolSource="c:\program files\arcgis\pro\Resources\ArcToolbox\toolboxes\Conversion Tools.tbx\ExportFeatures" Date="20221012" Time="111032" Name="" export="">ExportFeatures LUA2021_FNL_Chng I:\GIS\Citywide\DATA\LUA\LUA.gdb\Land_Use_Allocation_Change # NOT_USE_ALIAS "TAZ_1 "TAZ" true true false 4 Long 0 0,First,#,LUA2021_FNL_Chng,TAZ_1,-1,-1;AreaName "AreaName" true true false 255 Text 0 0,First,#,LUA2021_FNL_Chng,AreaName,0,255;OBJECTID "OBJECTID" true true false 4 Long 0 0,First,#,LUA2021_FNL_Chng,OBJECTID,-1,-1;taz15_35 "taz15_35" true true false 4 Long 0 0,First,#,LUA2021_FNL_Chng,taz15_35,-1,-1;ru15_35 "ru15_35" true true false 4 Long 0 0,First,#,LUA2021_FNL_Chng,ru15_35,-1,-1;jobs15_35 "jobs15_35" true true false 4 Long 0 0,First,#,LUA2021_FNL_Chng,jobs15_35,-1,-1;hh15_35 "hh15_35" true true false 4 Long 0 0,First,#,LUA2021_FNL_Chng,hh15_35,-1,-1;cie15_35 "cie15_35" true true false 4 Long 0 0,First,#,LUA2021_FNL_Chng,cie15_35,-1,-1;mips15_35 "mips15_35" true true false 4 Long 0 0,First,#,LUA2021_FNL_Chng,mips15_35,-1,-1;ret15_35 "ret15_35" true true false 4 Long 0 0,First,#,LUA2021_FNL_Chng,ret15_35,-1,-1;vis15_35 "vis15_35" true true false 4 Long 0 0,First,#,LUA2021_FNL_Chng,vis15_35,-1,-1;med15_35 "med15_35" true true false 4 Long 0 0,First,#,LUA2021_FNL_Chng,med15_35,-1,-1;pdr15_35 "pdr15_35" true true false 4 Long 0 0,First,#,LUA2021_FNL_Chng,pdr15_35,-1,-1;taz15_50 "taz15_50" true true false 4 Long 0 0,First,#,LUA2021_FNL_Chng,taz15_50,-1,-1;ru15_50 "ru15_50" true true false 4 Long 0 0,First,#,LUA2021_FNL_Chng,ru15_50,-1,-1;jobs15_50 "jobs15_50" true true false 4 Long 0 0,First,#,LUA2021_FNL_Chng,jobs15_50,-1,-1;hh15_50 "hh15_50" true true false 4 Long 0 0,First,#,LUA2021_FNL_Chng,hh15_50,-1,-1;cie15_50 "cie15_50" true true false 4 Long 0 0,First,#,LUA2021_FNL_Chng,cie15_50,-1,-1;mips15_50 "mips15_50" true true false 4 Long 0 0,First,#,LUA2021_FNL_Chng,mips15_50,-1,-1;ret15_50 "ret15_50" true true false 4 Long 0 0,First,#,LUA2021_FNL_Chng,ret15_50,-1,-1;vis15_50 "vis15_50" true true false 4 Long 0 0,First,#,LUA2021_FNL_Chng,vis15_50,-1,-1;med15_50 "med15_50" true true false 4 Long 0 0,First,#,LUA2021_FNL_Chng,med15_50,-1,-1;pdr15_50 "pdr15_50" true true false 4 Long 0 0,First,#,LUA2021_FNL_Chng,pdr15_50,-1,-1;taz20_35 "taz20_35" true true false 4 Long 0 0,First,#,LUA2021_FNL_Chng,taz20_35,-1,-1;ru20_35 "ru20_35" true true false 4 Long 0 0,First,#,LUA2021_FNL_Chng,ru20_35,-1,-1;jobs20_35 "jobs20_35" true true false 4 Long 0 0,First,#,LUA2021_FNL_Chng,jobs20_35,-1,-1;hh20_35 "hh20_35" true true false 4 Long 0 0,First,#,LUA2021_FNL_Chng,hh20_35,-1,-1;cie20_35 "cie20_35" true true false 4 Long 0 0,First,#,LUA2021_FNL_Chng,cie20_35,-1,-1;mips20_35 "mips20_35" true true false 4 Long 0 0,First,#,LUA2021_FNL_Chng,mips20_35,-1,-1;ret20_35 "ret20_35" true true false 4 Long 0 0,First,#,LUA2021_FNL_Chng,ret20_35,-1,-1;vis20_35 "vis20_35" true true false 4 Long 0 0,First,#,LUA2021_FNL_Chng,vis20_35,-1,-1;med20_35 "med20_35" true true false 4 Long 0 0,First,#,LUA2021_FNL_Chng,med20_35,-1,-1;pdr20_35 "pdr20_35" true true false 4 Long 0 0,First,#,LUA2021_FNL_Chng,pdr20_35,-1,-1;taz20_50 "taz20_50" true true false 4 Long 0 0,First,#,LUA2021_FNL_Chng,taz20_50,-1,-1;ru20_50 "ru20_50" true true false 4 Long 0 0,First,#,LUA2021_FNL_Chng,ru20_50,-1,-1;jobs20_50 "jobs20_50" true true false 4 Long 0 0,First,#,LUA2021_FNL_Chng,jobs20_50,-1,-1;hh20_50 "hh20_50" true true false 4 Long 0 0,First,#,LUA2021_FNL_Chng,hh20_50,-1,-1;cie20_50 "cie20_50" true true false 4 Long 0 0,First,#,LUA2021_FNL_Chng,cie20_50,-1,-1;mips20_50 "mips20_50" true true false 4 Long 0 0,First,#,LUA2021_FNL_Chng,mips20_50,-1,-1;ret20_50 "ret20_50" true true false 4 Long 0 0,First,#,LUA2021_FNL_Chng,ret20_50,-1,-1;vis20_50 "vis20_50" true true false 4 Long 0 0,First,#,LUA2021_FNL_Chng,vis20_50,-1,-1;med20_50 "med20_50" true true false 4 Long 0 0,First,#,LUA2021_FNL_Chng,med20_50,-1,-1;pdr20_50 "pdr20_50" true true false 4 Long 0 0,First,#,LUA2021_FNL_Chng,pdr20_50,-1,-1;Taz15_20 "Taz15_20" true true false 4 Long 0 0,First,#,LUA2021_FNL_Chng,Taz15_20,-1,-1;ru15_20 "ru15_20" true true false 4 Long 0 0,First,#,LUA2021_FNL_Chng,ru15_20,-1,-1;jobs15_20 "jobs15_20" true true false 4 Long 0 0,First,#,LUA2021_FNL_Chng,jobs15_20,-1,-1;hh15_20 "hh15_20" true true false 4 Long 0 0,First,#,LUA2021_FNL_Chng,hh15_20,-1,-1;cie15_20 "cie15_20" true true false 4 Long 0 0,First,#,LUA2021_FNL_Chng,cie15_20,-1,-1;mips15_20 "mips15_20" true true false 4 Long 0 0,First,#,LUA2021_FNL_Chng,mips15_20,-1,-1;ret15_20 "ret15_20" true true false 4 Long 0 0,First,#,LUA2021_FNL_Chng,ret15_20,-1,-1;vis15_20 "vis15_20" true true false 4 Long 0 0,First,#,LUA2021_FNL_Chng,vis15_20,-1,-1;med15_20 "med15_20" true true false 4 Long 0 0,First,#,LUA2021_FNL_Chng,med15_20,-1,-1;pdr15_20 "pdr15_20" true true false 4 Long 0 0,First,#,LUA2021_FNL_Chng,pdr15_20,-1,-1;taz20_25 "taz20_25" true true false 4 Long 0 0,First,#,LUA2021_FNL_Chng,taz20_25,-1,-1;ru20_25 "ru20_25" true true false 4 Long 0 0,First,#,LUA2021_FNL_Chng,ru20_25,-1,-1;jobs20_25 "jobs20_25" true true false 4 Long 0 0,First,#,LUA2021_FNL_Chng,jobs20_25,-1,-1;hh20_25 "hh20_25" true true false 4 Long 0 0,First,#,LUA2021_FNL_Chng,hh20_25,-1,-1;cie20_25 "cie20_25" true true false 4 Long 0 0,First,#,LUA2021_FNL_Chng,cie20_25,-1,-1;mips20_25 "mips20_25" true true false 4 Long 0 0,First,#,LUA2021_FNL_Chng,mips20_25,-1,-1;ret20_25 "ret20_25" true true false 4 Long 0 0,First,#,LUA2021_FNL_Chng,ret20_25,-1,-1;vis20_25 "vis20_25" true true false 4 Long 0 0,First,#,LUA2021_FNL_Chng,vis20_25,-1,-1;med20_25 "med20_25" true true false 4 Long 0 0,First,#,LUA2021_FNL_Chng,med20_25,-1,-1;pdr20_25 "pdr20_25" true true false 4 Long 0 0,First,#,LUA2021_FNL_Chng,pdr20_25,-1,-1;taz25_30 "taz25_30" true true false 4 Long 0 0,First,#,LUA2021_FNL_Chng,taz25_30,-1,-1;ru25_30 "ru25_30" true true false 4 Long 0 0,First,#,LUA2021_FNL_Chng,ru25_30,-1,-1;jobs25_30 "jobs25_30" true true false 4 Long 0 0,First,#,LUA2021_FNL_Chng,jobs25_30,-1,-1;hh25_30 "hh25_30" true true false 4 Long 0 0,First,#,LUA2021_FNL_Chng,hh25_30,-1,-1;cie25_30 "cie25_30" true true false 4 Long 0 0,First,#,LUA2021_FNL_Chng,cie25_30,-1,-1;mips25_30 "mips25_30" true true false 4 Long 0 0,First,#,LUA2021_FNL_Chng,mips25_30,-1,-1;ret25_30 "ret25_30" true true false 4 Long 0 0,First,#,LUA2021_FNL_Chng,ret25_30,-1,-1;vis25_30 "vis25_30" true true false 4 Long 0 0,First,#,LUA2021_FNL_Chng,vis25_30,-1,-1;med25_30 "med25_30" true true false 4 Long 0 0,First,#,LUA2021_FNL_Chng,med25_30,-1,-1;pdr25_30 "pdr25_30" true true false 4 Long 0 0,First,#,LUA2021_FNL_Chng,pdr25_30,-1,-1;taz30_35 "taz30_35" true true false 4 Long 0 0,First,#,LUA2021_FNL_Chng,taz30_35,-1,-1;ru30_35 "ru30_35" true true false 4 Long 0 0,First,#,LUA2021_FNL_Chng,ru30_35,-1,-1;jobs30_35 "jobs30_35" true true false 4 Long 0 0,First,#,LUA2021_FNL_Chng,jobs30_35,-1,-1;hh30_35 "hh30_35" true true false 4 Long 0 0,First,#,LUA2021_FNL_Chng,hh30_35,-1,-1;cie30_35 "cie30_35" true true false 4 Long 0 0,First,#,LUA2021_FNL_Chng,cie30_35,-1,-1;mips30_35 "mips30_35" true true false 4 Long 0 0,First,#,LUA2021_FNL_Chng,mips30_35,-1,-1;ret30_35 "ret30_35" true true false 4 Long 0 0,First,#,LUA2021_FNL_Chng,ret30_35,-1,-1;vis30_35 "vis30_35" true true false 4 Long 0 0,First,#,LUA2021_FNL_Chng,vis30_35,-1,-1;med30_35 "med30_35" true true false 4 Long 0 0,First,#,LUA2021_FNL_Chng,med30_35,-1,-1;pdr30_35 "pdr30_35" true true false 4 Long 0 0,First,#,LUA2021_FNL_Chng,pdr30_35,-1,-1;taz35_40 "taz35_40" true true false 4 Long 0 0,First,#,LUA2021_FNL_Chng,taz35_40,-1,-1;ru35_40 "ru35_40" true true false 4 Long 0 0,First,#,LUA2021_FNL_Chng,ru35_40,-1,-1;jobs35_40 "jobs35_40" true true false 4 Long 0 0,First,#,LUA2021_FNL_Chng,jobs35_40,-1,-1;hh35_40 "hh35_40" true true false 4 Long 0 0,First,#,LUA2021_FNL_Chng,hh35_40,-1,-1;cie35_40 "cie35_40" true true false 4 Long 0 0,First,#,LUA2021_FNL_Chng,cie35_40,-1,-1;mips35_40 "mips35_40" true true false 4 Long 0 0,First,#,LUA2021_FNL_Chng,mips35_40,-1,-1;ret35_40 "ret35_40" true true false 4 Long 0 0,First,#,LUA2021_FNL_Chng,ret35_40,-1,-1;vis35_40 "vis35_40" true true false 4 Long 0 0,First,#,LUA2021_FNL_Chng,vis35_40,-1,-1;med35_40 "med35_40" true true false 4 Long 0 0,First,#,LUA2021_FNL_Chng,med35_40,-1,-1;pdr35_40 "pdr35_40" true true false 4 Long 0 0,First,#,LUA2021_FNL_Chng,pdr35_40,-1,-1;taz40_45 "taz40_45" true true false 4 Long 0 0,First,#,LUA2021_FNL_Chng,taz40_45,-1,-1;ru40_45 "ru40_45" true true false 4 Long 0 0,First,#,LUA2021_FNL_Chng,ru40_45,-1,-1;jobs40_45 "jobs40_45" true true false 4 Long 0 0,First,#,LUA2021_FNL_Chng,jobs40_45,-1,-1;hh40_45 "hh40_45" true true false 4 Long 0 0,First,#,LUA2021_FNL_Chng,hh40_45,-1,-1;cie40_45 "cie40_45" true true false 4 Long 0 0,First,#,LUA2021_FNL_Chng,cie40_45,-1,-1;mips40_45 "mips40_45" true true false 4 Long 0 0,First,#,LUA2021_FNL_Chng,mips40_45,-1,-1;ret40_45 "ret40_45" true true false 4 Long 0 0,First,#,LUA2021_FNL_Chng,ret40_45,-1,-1;vis40_45 "vis40_45" true true false 4 Long 0 0,First,#,LUA2021_FNL_Chng,vis40_45,-1,-1;med40_45 "med40_45" true true false 4 Long 0 0,First,#,LUA2021_FNL_Chng,med40_45,-1,-1;pdr40_45 "pdr40_45" true true false 4 Long 0 0,First,#,LUA2021_FNL_Chng,pdr40_45,-1,-1;taz45_50 "taz45_50" true true false 4 Long 0 0,First,#,LUA2021_FNL_Chng,taz45_50,-1,-1;ru45_50 "ru45_50" true true false 4 Long 0 0,First,#,LUA2021_FNL_Chng,ru45_50,-1,-1;jobs45_50 "jobs45_50" true true false 4 Long 0 0,First,#,LUA2021_FNL_Chng,jobs45_50,-1,-1;hh45_50 "hh45_50" true true false 4 Long 0 0,First,#,LUA2021_FNL_Chng,hh45_50,-1,-1;cie45_50 "cie45_50" true true false 4 Long 0 0,First,#,LUA2021_FNL_Chng,cie45_50,-1,-1;mips45_50 "mips45_50" true true false 4 Long 0 0,First,#,LUA2021_FNL_Chng,mips45_50,-1,-1;ret45_50 "ret45_50" true true false 4 Long 0 0,First,#,LUA2021_FNL_Chng,ret45_50,-1,-1;vis45_50 "vis45_50" true true false 4 Long 0 0,First,#,LUA2021_FNL_Chng,vis45_50,-1,-1;med45_50 "med45_50" true true false 4 Long 0 0,First,#,LUA2021_FNL_Chng,med45_50,-1,-1;pdr45_50 "pdr45_50" true true false 4 Long 0 0,First,#,LUA2021_FNL_Chng,pdr45_50,-1,-1;Shape_Length "Shape_Length" false true true 8 Double 0 0,First,#,LUA2021_FNL_Chng,Shape_Length,-1,-1;Shape_Area "Shape_Area" false true true 8 Double 0 0,First,#,LUA2021_FNL_Chng,Shape_Area,-1,-1" #</Process><Process ToolSource="c:\program files\arcgis\pro\Resources\ArcToolbox\toolboxes\Data Management Tools.tbx\CopyFeatures" Date="20221014" Time="112131">CopyFeatures Land_Use_Allocation_Change "I:\Citywide\Core Data\Land Use Growth Allocation\2021_LUA\LUA2021_Package\LUA2021_ShapeFiles\Land_Use_Allocation_Change.shp" # # # #</Process></lineage></DataProperties><SyncDate>20221014</SyncDate><SyncTime>11213000</SyncTime><ModDate>20221014</ModDate><ModTime>11213000</ModTime><scaleRange><minScale>500000</minScale><maxScale>5000</maxScale></scaleRange><ArcGISProfile>ItemDescription</ArcGISProfile></Esri><dataIdInfo><envirDesc Sync="TRUE">Microsoft Windows 10 Version 10.0 (Build 19042) ; Esri ArcGIS 13.0.0.36056</envirDesc><dataLang><languageCode value="eng" Sync="TRUE"/><countryCode value="USA" Sync="TRUE"/></dataLang><idCitation><resTitle Sync="TRUE">Land_Use_Allocation_Change</resTitle><presForm><PresFormCd value="005" Sync="TRUE"/></presForm></idCitation><spatRpType><SpatRepTypCd value="001" Sync="TRUE"/></spatRpType><dataExt><geoEle xmlns=""><GeoBndBox esriExtentType="search"><exTypeCode Sync="TRUE">1</exTypeCode><westBL Sync="TRUE">-122.520139</westBL><eastBL Sync="TRUE">-122.356202</eastBL><northBL Sync="TRUE">37.864391</northBL><southBL Sync="TRUE">37.706074</southBL></GeoBndBox></geoEle></dataExt><idPurp>This Feature Class is the LUA2021, five-year change, published 101222. </idPurp><idAbs>&lt;DIV STYLE="text-align:Left;"&gt;&lt;DIV&gt;&lt;DIV&gt;&lt;P&gt;&lt;SPAN&gt;This feature class is the LUA2021, five year Change. It contains 979 of the 981 traffic analysis zones (TAZs) of the SF County Transportation Agency (CTA or TA). The missing TAZs are the Farrallons and Alcatraz, which are not pertinent, but maybe useful just for ease of cross application use and full accounting. &lt;/SPAN&gt;&lt;/P&gt;&lt;/DIV&gt;&lt;/DIV&gt;&lt;/DIV&gt;</idAbs><idCredit>Scott.Edmondson@sfgov.org
Data &amp; Analytics Group
SF Planning</idCredit><searchKeys><keyword>SF LUA</keyword><keyword>TAZ</keyword></searchKeys></dataIdInfo><mdLang><languageCode value="eng" Sync="TRUE"/><countryCode value="USA" Sync="TRUE"/></mdLang><mdChar><CharSetCd value="004" Sync="TRUE"/></mdChar><distInfo><distFormat><formatName Sync="TRUE">Shapefile</formatName></distFormat><distTranOps><transSize Sync="TRUE">0.000</transSize></distTranOps></distInfo><mdHrLv><ScopeCd value="005" Sync="TRUE"/></mdHrLv><mdHrLvName Sync="TRUE">dataset</mdHrLvName><refSysInfo><RefSystem><refSysID><identCode code="2227" Sync="TRUE"/><idCodeSpace Sync="TRUE">EPSG</idCodeSpace><idVersion Sync="TRUE">5.3(9.0.0)</idVersion></refSysID></RefSystem></refSysInfo><spatRepInfo><VectSpatRep><geometObjs Name="Land_Use_Allocation_Change"><geoObjTyp><GeoObjTypCd value="002" Sync="TRUE"></GeoObjTypCd></geoObjTyp><geoObjCnt Sync="TRUE">0</geoObjCnt></geometObjs><topLvl><TopoLevCd value="001" Sync="TRUE"></TopoLevCd></topLvl></VectSpatRep></spatRepInfo><spdoinfo><ptvctinf><esriterm Name="Land_Use_Allocation_Change"><efeatyp Sync="TRUE">Simple</efeatyp><efeageom code="4" Sync="TRUE"></efeageom><esritopo Sync="TRUE">FALSE</esritopo><efeacnt Sync="TRUE">0</efeacnt><spindex Sync="TRUE">FALSE</spindex><linrefer Sync="TRUE">FALSE</linrefer></esriterm></ptvctinf></spdoinfo><eainfo><detailed Name="Land_Use_Allocation_Change"><enttyp><enttypl Sync="TRUE">Land_Use_Allocation_Change</enttypl><enttypt Sync="TRUE">Feature Class</enttypt><enttypc Sync="TRUE">0</enttypc></enttyp><attr><attrlabl Sync="TRUE">FID</attrlabl><attalias Sync="TRUE">FID</attalias><attrtype Sync="TRUE">OID</attrtype><attwidth Sync="TRUE">4</attwidth><atprecis Sync="TRUE">0</atprecis><attscale Sync="TRUE">0</attscale><attrdef Sync="TRUE">Internal feature number.</attrdef><attrdefs Sync="TRUE">Esri</attrdefs><attrdomv><udom Sync="TRUE">Sequential unique whole numbers that are automatically generated.</udom></attrdomv></attr><attr><attrlabl Sync="TRUE">OBJECTID</attrlabl><attalias Sync="TRUE">OBJECTID</attalias><attrtype Sync="TRUE">Integer</attrtype><attwidth Sync="TRUE">10</attwidth><atprecis Sync="TRUE">10</atprecis><attscale Sync="TRUE">0</attscale><attrdef Sync="TRUE">Internal feature number.</attrdef><attrdefs Sync="TRUE">Esri</attrdefs><attrdomv><udom Sync="TRUE">Sequential unique whole numbers that are automatically generated.</udom></attrdomv></attr><attr><attrlabl Sync="TRUE">Shape</attrlabl><attalias Sync="TRUE">Shape</attalias><attrtype Sync="TRUE">Geometry</attrtype><attwidth Sync="TRUE">0</attwidth><atprecis Sync="TRUE">0</atprecis><attscale Sync="TRUE">0</attscale><attrdef Sync="TRUE">Feature geometry.</attrdef><attrdefs Sync="TRUE">Esri</attrdefs><attrdomv><udom Sync="TRUE">Coordinates defining the features.</udom></attrdomv></attr><attr><attrlabl Sync="TRUE">TAZ_1</attrlabl><attalias Sync="TRUE">TAZ_1</attalias><attrtype Sync="TRUE">Integer</attrtype><attwidth Sync="TRUE">10</attwidth><atprecis Sync="TRUE">10</atprecis><attscale Sync="TRUE">0</attscale></attr><attr><attrlabl Sync="TRUE">AreaName</attrlabl><attalias Sync="TRUE">AreaName</attalias><attrtype Sync="TRUE">String</attrtype><attwidth Sync="TRUE">254</attwidth><atprecis Sync="TRUE">0</atprecis><attscale Sync="TRUE">0</attscale></attr><attr><attrlabl Sync="TRUE">taz15_35</attrlabl><attalias Sync="TRUE">taz15_35</attalias><attrtype Sync="TRUE">Integer</attrtype><attwidth Sync="TRUE">10</attwidth><atprecis Sync="TRUE">10</atprecis><attscale Sync="TRUE">0</attscale></attr><attr><attrlabl Sync="TRUE">ru15_35</attrlabl><attalias Sync="TRUE">ru15_35</attalias><attrtype Sync="TRUE">Integer</attrtype><attwidth Sync="TRUE">10</attwidth><atprecis Sync="TRUE">10</atprecis><attscale Sync="TRUE">0</attscale></attr><attr><attrlabl Sync="TRUE">jobs15_35</attrlabl><attalias Sync="TRUE">jobs15_35</attalias><attrtype Sync="TRUE">Integer</attrtype><attwidth Sync="TRUE">10</attwidth><atprecis Sync="TRUE">10</atprecis><attscale Sync="TRUE">0</attscale></attr><attr><attrlabl Sync="TRUE">hh15_35</attrlabl><attalias Sync="TRUE">hh15_35</attalias><attrtype Sync="TRUE">Integer</attrtype><attwidth Sync="TRUE">10</attwidth><atprecis Sync="TRUE">10</atprecis><attscale Sync="TRUE">0</attscale></attr><attr><attrlabl Sync="TRUE">cie15_35</attrlabl><attalias Sync="TRUE">cie15_35</attalias><attrtype Sync="TRUE">Integer</attrtype><attwidth Sync="TRUE">10</attwidth><atprecis Sync="TRUE">10</atprecis><attscale Sync="TRUE">0</attscale></attr><attr><attrlabl Sync="TRUE">mips15_35</attrlabl><attalias Sync="TRUE">mips15_35</attalias><attrtype Sync="TRUE">Integer</attrtype><attwidth Sync="TRUE">10</attwidth><atprecis Sync="TRUE">10</atprecis><attscale Sync="TRUE">0</attscale></attr><attr><attrlabl Sync="TRUE">ret15_35</attrlabl><attalias Sync="TRUE">ret15_35</attalias><attrtype Sync="TRUE">Integer</attrtype><attwidth Sync="TRUE">10</attwidth><atprecis Sync="TRUE">10</atprecis><attscale Sync="TRUE">0</attscale></attr><attr><attrlabl Sync="TRUE">vis15_35</attrlabl><attalias Sync="TRUE">vis15_35</attalias><attrtype Sync="TRUE">Integer</attrtype><attwidth Sync="TRUE">10</attwidth><atprecis Sync="TRUE">10</atprecis><attscale Sync="TRUE">0</attscale></attr><attr><attrlabl Sync="TRUE">med15_35</attrlabl><attalias Sync="TRUE">med15_35</attalias><attrtype Sync="TRUE">Integer</attrtype><attwidth Sync="TRUE">10</attwidth><atprecis Sync="TRUE">10</atprecis><attscale Sync="TRUE">0</attscale></attr><attr><attrlabl Sync="TRUE">pdr15_35</attrlabl><attalias Sync="TRUE">pdr15_35</attalias><attrtype Sync="TRUE">Integer</attrtype><attwidth Sync="TRUE">10</attwidth><atprecis Sync="TRUE">10</atprecis><attscale Sync="TRUE">0</attscale></attr><attr><attrlabl Sync="TRUE">taz15_50</attrlabl><attalias Sync="TRUE">taz15_50</attalias><attrtype Sync="TRUE">Integer</attrtype><attwidth Sync="TRUE">10</attwidth><atprecis Sync="TRUE">10</atprecis><attscale Sync="TRUE">0</attscale></attr><attr><attrlabl Sync="TRUE">ru15_50</attrlabl><attalias Sync="TRUE">ru15_50</attalias><attrtype Sync="TRUE">Integer</attrtype><attwidth Sync="TRUE">10</attwidth><atprecis Sync="TRUE">10</atprecis><attscale Sync="TRUE">0</attscale></attr><attr><attrlabl Sync="TRUE">jobs15_50</attrlabl><attalias Sync="TRUE">jobs15_50</attalias><attrtype Sync="TRUE">Integer</attrtype><attwidth Sync="TRUE">10</attwidth><atprecis Sync="TRUE">10</atprecis><attscale Sync="TRUE">0</attscale></attr><attr><attrlabl Sync="TRUE">hh15_50</attrlabl><attalias Sync="TRUE">hh15_50</attalias><attrtype Sync="TRUE">Integer</attrtype><attwidth Sync="TRUE">10</attwidth><atprecis Sync="TRUE">10</atprecis><attscale Sync="TRUE">0</attscale></attr><attr><attrlabl Sync="TRUE">cie15_50</attrlabl><attalias Sync="TRUE">cie15_50</attalias><attrtype Sync="TRUE">Integer</attrtype><attwidth Sync="TRUE">10</attwidth><atprecis Sync="TRUE">10</atprecis><attscale Sync="TRUE">0</attscale></attr><attr><attrlabl Sync="TRUE">mips15_50</attrlabl><attalias Sync="TRUE">mips15_50</attalias><attrtype Sync="TRUE">Integer</attrtype><attwidth Sync="TRUE">10</attwidth><atprecis Sync="TRUE">10</atprecis><attscale Sync="TRUE">0</attscale></attr><attr><attrlabl Sync="TRUE">ret15_50</attrlabl><attalias Sync="TRUE">ret15_50</attalias><attrtype Sync="TRUE">Integer</attrtype><attwidth Sync="TRUE">10</attwidth><atprecis Sync="TRUE">10</atprecis><attscale Sync="TRUE">0</attscale></attr><attr><attrlabl Sync="TRUE">vis15_50</attrlabl><attalias Sync="TRUE">vis15_50</attalias><attrtype Sync="TRUE">Integer</attrtype><attwidth Sync="TRUE">10</attwidth><atprecis Sync="TRUE">10</atprecis><attscale Sync="TRUE">0</attscale></attr><attr><attrlabl Sync="TRUE">med15_50</attrlabl><attalias Sync="TRUE">med15_50</attalias><attrtype Sync="TRUE">Integer</attrtype><attwidth Sync="TRUE">10</attwidth><atprecis Sync="TRUE">10</atprecis><attscale Sync="TRUE">0</attscale></attr><attr><attrlabl Sync="TRUE">pdr15_50</attrlabl><attalias Sync="TRUE">pdr15_50</attalias><attrtype Sync="TRUE">Integer</attrtype><attwidth Sync="TRUE">10</attwidth><atprecis Sync="TRUE">10</atprecis><attscale Sync="TRUE">0</attscale></attr><attr><attrlabl Sync="TRUE">taz20_35</attrlabl><attalias Sync="TRUE">taz20_35</attalias><attrtype Sync="TRUE">Integer</attrtype><attwidth Sync="TRUE">10</attwidth><atprecis Sync="TRUE">10</atprecis><attscale Sync="TRUE">0</attscale></attr><attr><attrlabl Sync="TRUE">ru20_35</attrlabl><attalias Sync="TRUE">ru20_35</attalias><attrtype Sync="TRUE">Integer</attrtype><attwidth Sync="TRUE">10</attwidth><atprecis Sync="TRUE">10</atprecis><attscale Sync="TRUE">0</attscale></attr><attr><attrlabl Sync="TRUE">jobs20_35</attrlabl><attalias Sync="TRUE">jobs20_35</attalias><attrtype Sync="TRUE">Integer</attrtype><attwidth Sync="TRUE">10</attwidth><atprecis Sync="TRUE">10</atprecis><attscale Sync="TRUE">0</attscale></attr><attr><attrlabl Sync="TRUE">hh20_35</attrlabl><attalias Sync="TRUE">hh20_35</attalias><attrtype Sync="TRUE">Integer</attrtype><attwidth Sync="TRUE">10</attwidth><atprecis Sync="TRUE">10</atprecis><attscale Sync="TRUE">0</attscale></attr><attr><attrlabl Sync="TRUE">cie20_35</attrlabl><attalias Sync="TRUE">cie20_35</attalias><attrtype Sync="TRUE">Integer</attrtype><attwidth Sync="TRUE">10</attwidth><atprecis Sync="TRUE">10</atprecis><attscale Sync="TRUE">0</attscale></attr><attr><attrlabl Sync="TRUE">mips20_35</attrlabl><attalias Sync="TRUE">mips20_35</attalias><attrtype Sync="TRUE">Integer</attrtype><attwidth Sync="TRUE">10</attwidth><atprecis Sync="TRUE">10</atprecis><attscale Sync="TRUE">0</attscale></attr><attr><attrlabl Sync="TRUE">ret20_35</attrlabl><attalias Sync="TRUE">ret20_35</attalias><attrtype Sync="TRUE">Integer</attrtype><attwidth Sync="TRUE">10</attwidth><atprecis Sync="TRUE">10</atprecis><attscale Sync="TRUE">0</attscale></attr><attr><attrlabl Sync="TRUE">vis20_35</attrlabl><attalias Sync="TRUE">vis20_35</attalias><attrtype Sync="TRUE">Integer</attrtype><attwidth Sync="TRUE">10</attwidth><atprecis Sync="TRUE">10</atprecis><attscale Sync="TRUE">0</attscale></attr><attr><attrlabl Sync="TRUE">med20_35</attrlabl><attalias Sync="TRUE">med20_35</attalias><attrtype Sync="TRUE">Integer</attrtype><attwidth Sync="TRUE">10</attwidth><atprecis Sync="TRUE">10</atprecis><attscale Sync="TRUE">0</attscale></attr><attr><attrlabl Sync="TRUE">pdr20_35</attrlabl><attalias Sync="TRUE">pdr20_35</attalias><attrtype Sync="TRUE">Integer</attrtype><attwidth Sync="TRUE">10</attwidth><atprecis Sync="TRUE">10</atprecis><attscale Sync="TRUE">0</attscale></attr><attr><attrlabl Sync="TRUE">taz20_50</attrlabl><attalias Sync="TRUE">taz20_50</attalias><attrtype Sync="TRUE">Integer</attrtype><attwidth Sync="TRUE">10</attwidth><atprecis Sync="TRUE">10</atprecis><attscale Sync="TRUE">0</attscale></attr><attr><attrlabl Sync="TRUE">ru20_50</attrlabl><attalias Sync="TRUE">ru20_50</attalias><attrtype Sync="TRUE">Integer</attrtype><attwidth Sync="TRUE">10</attwidth><atprecis Sync="TRUE">10</atprecis><attscale Sync="TRUE">0</attscale></attr><attr><attrlabl Sync="TRUE">jobs20_50</attrlabl><attalias Sync="TRUE">jobs20_50</attalias><attrtype Sync="TRUE">Integer</attrtype><attwidth Sync="TRUE">10</attwidth><atprecis Sync="TRUE">10</atprecis><attscale Sync="TRUE">0</attscale></attr><attr><attrlabl Sync="TRUE">hh20_50</attrlabl><attalias Sync="TRUE">hh20_50</attalias><attrtype Sync="TRUE">Integer</attrtype><attwidth Sync="TRUE">10</attwidth><atprecis Sync="TRUE">10</atprecis><attscale Sync="TRUE">0</attscale></attr><attr><attrlabl Sync="TRUE">cie20_50</attrlabl><attalias Sync="TRUE">cie20_50</attalias><attrtype Sync="TRUE">Integer</attrtype><attwidth Sync="TRUE">10</attwidth><atprecis Sync="TRUE">10</atprecis><attscale Sync="TRUE">0</attscale></attr><attr><attrlabl Sync="TRUE">mips20_50</attrlabl><attalias Sync="TRUE">mips20_50</attalias><attrtype Sync="TRUE">Integer</attrtype><attwidth Sync="TRUE">10</attwidth><atprecis Sync="TRUE">10</atprecis><attscale Sync="TRUE">0</attscale></attr><attr><attrlabl Sync="TRUE">ret20_50</attrlabl><attalias Sync="TRUE">ret20_50</attalias><attrtype Sync="TRUE">Integer</attrtype><attwidth Sync="TRUE">10</attwidth><atprecis Sync="TRUE">10</atprecis><attscale Sync="TRUE">0</attscale></attr><attr><attrlabl Sync="TRUE">vis20_50</attrlabl><attalias Sync="TRUE">vis20_50</attalias><attrtype Sync="TRUE">Integer</attrtype><attwidth Sync="TRUE">10</attwidth><atprecis Sync="TRUE">10</atprecis><attscale Sync="TRUE">0</attscale></attr><attr><attrlabl Sync="TRUE">med20_50</attrlabl><attalias Sync="TRUE">med20_50</attalias><attrtype Sync="TRUE">Integer</attrtype><attwidth Sync="TRUE">10</attwidth><atprecis Sync="TRUE">10</atprecis><attscale Sync="TRUE">0</attscale></attr><attr><attrlabl Sync="TRUE">pdr20_50</attrlabl><attalias Sync="TRUE">pdr20_50</attalias><attrtype Sync="TRUE">Integer</attrtype><attwidth Sync="TRUE">10</attwidth><atprecis Sync="TRUE">10</atprecis><attscale Sync="TRUE">0</attscale></attr><attr><attrlabl Sync="TRUE">Taz15_20</attrlabl><attalias Sync="TRUE">Taz15_20</attalias><attrtype Sync="TRUE">Integer</attrtype><attwidth Sync="TRUE">10</attwidth><atprecis Sync="TRUE">10</atprecis><attscale Sync="TRUE">0</attscale></attr><attr><attrlabl Sync="TRUE">ru15_20</attrlabl><attalias Sync="TRUE">ru15_20</attalias><attrtype Sync="TRUE">Integer</attrtype><attwidth Sync="TRUE">10</attwidth><atprecis Sync="TRUE">10</atprecis><attscale Sync="TRUE">0</attscale></attr><attr><attrlabl Sync="TRUE">jobs15_20</attrlabl><attalias Sync="TRUE">jobs15_20</attalias><attrtype Sync="TRUE">Integer</attrtype><attwidth Sync="TRUE">10</attwidth><atprecis Sync="TRUE">10</atprecis><attscale Sync="TRUE">0</attscale></attr><attr><attrlabl Sync="TRUE">hh15_20</attrlabl><attalias Sync="TRUE">hh15_20</attalias><attrtype Sync="TRUE">Integer</attrtype><attwidth Sync="TRUE">10</attwidth><atprecis Sync="TRUE">10</atprecis><attscale Sync="TRUE">0</attscale></attr><attr><attrlabl Sync="TRUE">cie15_20</attrlabl><attalias Sync="TRUE">cie15_20</attalias><attrtype Sync="TRUE">Integer</attrtype><attwidth Sync="TRUE">10</attwidth><atprecis Sync="TRUE">10</atprecis><attscale Sync="TRUE">0</attscale></attr><attr><attrlabl Sync="TRUE">mips15_20</attrlabl><attalias Sync="TRUE">mips15_20</attalias><attrtype Sync="TRUE">Integer</attrtype><attwidth Sync="TRUE">10</attwidth><atprecis Sync="TRUE">10</atprecis><attscale Sync="TRUE">0</attscale></attr><attr><attrlabl Sync="TRUE">ret15_20</attrlabl><attalias Sync="TRUE">ret15_20</attalias><attrtype Sync="TRUE">Integer</attrtype><attwidth Sync="TRUE">10</attwidth><atprecis Sync="TRUE">10</atprecis><attscale Sync="TRUE">0</attscale></attr><attr><attrlabl Sync="TRUE">vis15_20</attrlabl><attalias Sync="TRUE">vis15_20</attalias><attrtype Sync="TRUE">Integer</attrtype><attwidth Sync="TRUE">10</attwidth><atprecis Sync="TRUE">10</atprecis><attscale Sync="TRUE">0</attscale></attr><attr><attrlabl Sync="TRUE">med15_20</attrlabl><attalias Sync="TRUE">med15_20</attalias><attrtype Sync="TRUE">Integer</attrtype><attwidth Sync="TRUE">10</attwidth><atprecis Sync="TRUE">10</atprecis><attscale Sync="TRUE">0</attscale></attr><attr><attrlabl Sync="TRUE">pdr15_20</attrlabl><attalias Sync="TRUE">pdr15_20</attalias><attrtype Sync="TRUE">Integer</attrtype><attwidth Sync="TRUE">10</attwidth><atprecis Sync="TRUE">10</atprecis><attscale Sync="TRUE">0</attscale></attr><attr><attrlabl Sync="TRUE">taz20_25</attrlabl><attalias Sync="TRUE">taz20_25</attalias><attrtype Sync="TRUE">Integer</attrtype><attwidth Sync="TRUE">10</attwidth><atprecis Sync="TRUE">10</atprecis><attscale Sync="TRUE">0</attscale></attr><attr><attrlabl Sync="TRUE">ru20_25</attrlabl><attalias Sync="TRUE">ru20_25</attalias><attrtype Sync="TRUE">Integer</attrtype><attwidth Sync="TRUE">10</attwidth><atprecis Sync="TRUE">10</atprecis><attscale Sync="TRUE">0</attscale></attr><attr><attrlabl Sync="TRUE">jobs20_25</attrlabl><attalias Sync="TRUE">jobs20_25</attalias><attrtype Sync="TRUE">Integer</attrtype><attwidth Sync="TRUE">10</attwidth><atprecis Sync="TRUE">10</atprecis><attscale Sync="TRUE">0</attscale></attr><attr><attrlabl Sync="TRUE">hh20_25</attrlabl><attalias Sync="TRUE">hh20_25</attalias><attrtype Sync="TRUE">Integer</attrtype><attwidth Sync="TRUE">10</attwidth><atprecis Sync="TRUE">10</atprecis><attscale Sync="TRUE">0</attscale></attr><attr><attrlabl Sync="TRUE">cie20_25</attrlabl><attalias Sync="TRUE">cie20_25</attalias><attrtype Sync="TRUE">Integer</attrtype><attwidth Sync="TRUE">10</attwidth><atprecis Sync="TRUE">10</atprecis><attscale Sync="TRUE">0</attscale></attr><attr><attrlabl Sync="TRUE">mips20_25</attrlabl><attalias Sync="TRUE">mips20_25</attalias><attrtype Sync="TRUE">Integer</attrtype><attwidth Sync="TRUE">10</attwidth><atprecis Sync="TRUE">10</atprecis><attscale Sync="TRUE">0</attscale></attr><attr><attrlabl Sync="TRUE">ret20_25</attrlabl><attalias Sync="TRUE">ret20_25</attalias><attrtype Sync="TRUE">Integer</attrtype><attwidth Sync="TRUE">10</attwidth><atprecis Sync="TRUE">10</atprecis><attscale Sync="TRUE">0</attscale></attr><attr><attrlabl Sync="TRUE">vis20_25</attrlabl><attalias Sync="TRUE">vis20_25</attalias><attrtype Sync="TRUE">Integer</attrtype><attwidth Sync="TRUE">10</attwidth><atprecis Sync="TRUE">10</atprecis><attscale Sync="TRUE">0</attscale></attr><attr><attrlabl Sync="TRUE">med20_25</attrlabl><attalias Sync="TRUE">med20_25</attalias><attrtype Sync="TRUE">Integer</attrtype><attwidth Sync="TRUE">10</attwidth><atprecis Sync="TRUE">10</atprecis><attscale Sync="TRUE">0</attscale></attr><attr><attrlabl Sync="TRUE">pdr20_25</attrlabl><attalias Sync="TRUE">pdr20_25</attalias><attrtype Sync="TRUE">Integer</attrtype><attwidth Sync="TRUE">10</attwidth><atprecis Sync="TRUE">10</atprecis><attscale Sync="TRUE">0</attscale></attr><attr><attrlabl Sync="TRUE">taz25_30</attrlabl><attalias Sync="TRUE">taz25_30</attalias><attrtype Sync="TRUE">Integer</attrtype><attwidth Sync="TRUE">10</attwidth><atprecis Sync="TRUE">10</atprecis><attscale Sync="TRUE">0</attscale></attr><attr><attrlabl Sync="TRUE">ru25_30</attrlabl><attalias Sync="TRUE">ru25_30</attalias><attrtype Sync="TRUE">Integer</attrtype><attwidth Sync="TRUE">10</attwidth><atprecis Sync="TRUE">10</atprecis><attscale Sync="TRUE">0</attscale></attr><attr><attrlabl Sync="TRUE">jobs25_30</attrlabl><attalias Sync="TRUE">jobs25_30</attalias><attrtype Sync="TRUE">Integer</attrtype><attwidth Sync="TRUE">10</attwidth><atprecis Sync="TRUE">10</atprecis><attscale Sync="TRUE">0</attscale></attr><attr><attrlabl Sync="TRUE">hh25_30</attrlabl><attalias Sync="TRUE">hh25_30</attalias><attrtype Sync="TRUE">Integer</attrtype><attwidth Sync="TRUE">10</attwidth><atprecis Sync="TRUE">10</atprecis><attscale Sync="TRUE">0</attscale></attr><attr><attrlabl Sync="TRUE">cie25_30</attrlabl><attalias Sync="TRUE">cie25_30</attalias><attrtype Sync="TRUE">Integer</attrtype><attwidth Sync="TRUE">10</attwidth><atprecis Sync="TRUE">10</atprecis><attscale Sync="TRUE">0</attscale></attr><attr><attrlabl Sync="TRUE">mips25_30</attrlabl><attalias Sync="TRUE">mips25_30</attalias><attrtype Sync="TRUE">Integer</attrtype><attwidth Sync="TRUE">10</attwidth><atprecis Sync="TRUE">10</atprecis><attscale Sync="TRUE">0</attscale></attr><attr><attrlabl Sync="TRUE">ret25_30</attrlabl><attalias Sync="TRUE">ret25_30</attalias><attrtype Sync="TRUE">Integer</attrtype><attwidth Sync="TRUE">10</attwidth><atprecis Sync="TRUE">10</atprecis><attscale Sync="TRUE">0</attscale></attr><attr><attrlabl Sync="TRUE">vis25_30</attrlabl><attalias Sync="TRUE">vis25_30</attalias><attrtype Sync="TRUE">Integer</attrtype><attwidth Sync="TRUE">10</attwidth><atprecis Sync="TRUE">10</atprecis><attscale Sync="TRUE">0</attscale></attr><attr><attrlabl Sync="TRUE">med25_30</attrlabl><attalias Sync="TRUE">med25_30</attalias><attrtype Sync="TRUE">Integer</attrtype><attwidth Sync="TRUE">10</attwidth><atprecis Sync="TRUE">10</atprecis><attscale Sync="TRUE">0</attscale></attr><attr><attrlabl Sync="TRUE">pdr25_30</attrlabl><attalias Sync="TRUE">pdr25_30</attalias><attrtype Sync="TRUE">Integer</attrtype><attwidth Sync="TRUE">10</attwidth><atprecis Sync="TRUE">10</atprecis><attscale Sync="TRUE">0</attscale></attr><attr><attrlabl Sync="TRUE">taz30_35</attrlabl><attalias Sync="TRUE">taz30_35</attalias><attrtype Sync="TRUE">Integer</attrtype><attwidth Sync="TRUE">10</attwidth><atprecis Sync="TRUE">10</atprecis><attscale Sync="TRUE">0</attscale></attr><attr><attrlabl Sync="TRUE">ru30_35</attrlabl><attalias Sync="TRUE">ru30_35</attalias><attrtype Sync="TRUE">Integer</attrtype><attwidth Sync="TRUE">10</attwidth><atprecis Sync="TRUE">10</atprecis><attscale Sync="TRUE">0</attscale></attr><attr><attrlabl Sync="TRUE">jobs30_35</attrlabl><attalias Sync="TRUE">jobs30_35</attalias><attrtype Sync="TRUE">Integer</attrtype><attwidth Sync="TRUE">10</attwidth><atprecis Sync="TRUE">10</atprecis><attscale Sync="TRUE">0</attscale></attr><attr><attrlabl Sync="TRUE">hh30_35</attrlabl><attalias Sync="TRUE">hh30_35</attalias><attrtype Sync="TRUE">Integer</attrtype><attwidth Sync="TRUE">10</attwidth><atprecis Sync="TRUE">10</atprecis><attscale Sync="TRUE">0</attscale></attr><attr><attrlabl Sync="TRUE">cie30_35</attrlabl><attalias Sync="TRUE">cie30_35</attalias><attrtype Sync="TRUE">Integer</attrtype><attwidth Sync="TRUE">10</attwidth><atprecis Sync="TRUE">10</atprecis><attscale Sync="TRUE">0</attscale></attr><attr><attrlabl Sync="TRUE">mips30_35</attrlabl><attalias Sync="TRUE">mips30_35</attalias><attrtype Sync="TRUE">Integer</attrtype><attwidth Sync="TRUE">10</attwidth><atprecis Sync="TRUE">10</atprecis><attscale Sync="TRUE">0</attscale></attr><attr><attrlabl Sync="TRUE">ret30_35</attrlabl><attalias Sync="TRUE">ret30_35</attalias><attrtype Sync="TRUE">Integer</attrtype><attwidth Sync="TRUE">10</attwidth><atprecis Sync="TRUE">10</atprecis><attscale Sync="TRUE">0</attscale></attr><attr><attrlabl Sync="TRUE">vis30_35</attrlabl><attalias Sync="TRUE">vis30_35</attalias><attrtype Sync="TRUE">Integer</attrtype><attwidth Sync="TRUE">10</attwidth><atprecis Sync="TRUE">10</atprecis><attscale Sync="TRUE">0</attscale></attr><attr><attrlabl Sync="TRUE">med30_35</attrlabl><attalias Sync="TRUE">med30_35</attalias><attrtype Sync="TRUE">Integer</attrtype><attwidth Sync="TRUE">10</attwidth><atprecis Sync="TRUE">10</atprecis><attscale Sync="TRUE">0</attscale></attr><attr><attrlabl Sync="TRUE">pdr30_35</attrlabl><attalias Sync="TRUE">pdr30_35</attalias><attrtype Sync="TRUE">Integer</attrtype><attwidth Sync="TRUE">10</attwidth><atprecis Sync="TRUE">10</atprecis><attscale Sync="TRUE">0</attscale></attr><attr><attrlabl Sync="TRUE">taz35_40</attrlabl><attalias Sync="TRUE">taz35_40</attalias><attrtype Sync="TRUE">Integer</attrtype><attwidth Sync="TRUE">10</attwidth><atprecis Sync="TRUE">10</atprecis><attscale Sync="TRUE">0</attscale></attr><attr><attrlabl Sync="TRUE">ru35_40</attrlabl><attalias Sync="TRUE">ru35_40</attalias><attrtype Sync="TRUE">Integer</attrtype><attwidth Sync="TRUE">10</attwidth><atprecis Sync="TRUE">10</atprecis><attscale Sync="TRUE">0</attscale></attr><attr><attrlabl Sync="TRUE">jobs35_40</attrlabl><attalias Sync="TRUE">jobs35_40</attalias><attrtype Sync="TRUE">Integer</attrtype><attwidth Sync="TRUE">10</attwidth><atprecis Sync="TRUE">10</atprecis><attscale Sync="TRUE">0</attscale></attr><attr><attrlabl Sync="TRUE">hh35_40</attrlabl><attalias Sync="TRUE">hh35_40</attalias><attrtype Sync="TRUE">Integer</attrtype><attwidth Sync="TRUE">10</attwidth><atprecis Sync="TRUE">10</atprecis><attscale Sync="TRUE">0</attscale></attr><attr><attrlabl Sync="TRUE">cie35_40</attrlabl><attalias Sync="TRUE">cie35_40</attalias><attrtype Sync="TRUE">Integer</attrtype><attwidth Sync="TRUE">10</attwidth><atprecis Sync="TRUE">10</atprecis><attscale Sync="TRUE">0</attscale></attr><attr><attrlabl Sync="TRUE">mips35_40</attrlabl><attalias Sync="TRUE">mips35_40</attalias><attrtype Sync="TRUE">Integer</attrtype><attwidth Sync="TRUE">10</attwidth><atprecis Sync="TRUE">10</atprecis><attscale Sync="TRUE">0</attscale></attr><attr><attrlabl Sync="TRUE">ret35_40</attrlabl><attalias Sync="TRUE">ret35_40</attalias><attrtype Sync="TRUE">Integer</attrtype><attwidth Sync="TRUE">10</attwidth><atprecis Sync="TRUE">10</atprecis><attscale Sync="TRUE">0</attscale></attr><attr><attrlabl Sync="TRUE">vis35_40</attrlabl><attalias Sync="TRUE">vis35_40</attalias><attrtype Sync="TRUE">Integer</attrtype><attwidth Sync="TRUE">10</attwidth><atprecis Sync="TRUE">10</atprecis><attscale Sync="TRUE">0</attscale></attr><attr><attrlabl Sync="TRUE">med35_40</attrlabl><attalias Sync="TRUE">med35_40</attalias><attrtype Sync="TRUE">Integer</attrtype><attwidth Sync="TRUE">10</attwidth><atprecis Sync="TRUE">10</atprecis><attscale Sync="TRUE">0</attscale></attr><attr><attrlabl Sync="TRUE">pdr35_40</attrlabl><attalias Sync="TRUE">pdr35_40</attalias><attrtype Sync="TRUE">Integer</attrtype><attwidth Sync="TRUE">10</attwidth><atprecis Sync="TRUE">10</atprecis><attscale Sync="TRUE">0</attscale></attr><attr><attrlabl Sync="TRUE">taz40_45</attrlabl><attalias Sync="TRUE">taz40_45</attalias><attrtype Sync="TRUE">Integer</attrtype><attwidth Sync="TRUE">10</attwidth><atprecis Sync="TRUE">10</atprecis><attscale Sync="TRUE">0</attscale></attr><attr><attrlabl Sync="TRUE">ru40_45</attrlabl><attalias Sync="TRUE">ru40_45</attalias><attrtype Sync="TRUE">Integer</attrtype><attwidth Sync="TRUE">10</attwidth><atprecis Sync="TRUE">10</atprecis><attscale Sync="TRUE">0</attscale></attr><attr><attrlabl Sync="TRUE">jobs40_45</attrlabl><attalias Sync="TRUE">jobs40_45</attalias><attrtype Sync="TRUE">Integer</attrtype><attwidth Sync="TRUE">10</attwidth><atprecis Sync="TRUE">10</atprecis><attscale Sync="TRUE">0</attscale></attr><attr><attrlabl Sync="TRUE">hh40_45</attrlabl><attalias Sync="TRUE">hh40_45</attalias><attrtype Sync="TRUE">Integer</attrtype><attwidth Sync="TRUE">10</attwidth><atprecis Sync="TRUE">10</atprecis><attscale Sync="TRUE">0</attscale></attr><attr><attrlabl Sync="TRUE">cie40_45</attrlabl><attalias Sync="TRUE">cie40_45</attalias><attrtype Sync="TRUE">Integer</attrtype><attwidth Sync="TRUE">10</attwidth><atprecis Sync="TRUE">10</atprecis><attscale Sync="TRUE">0</attscale></attr><attr><attrlabl Sync="TRUE">mips40_45</attrlabl><attalias Sync="TRUE">mips40_45</attalias><attrtype Sync="TRUE">Integer</attrtype><attwidth Sync="TRUE">10</attwidth><atprecis Sync="TRUE">10</atprecis><attscale Sync="TRUE">0</attscale></attr><attr><attrlabl Sync="TRUE">ret40_45</attrlabl><attalias Sync="TRUE">ret40_45</attalias><attrtype Sync="TRUE">Integer</attrtype><attwidth Sync="TRUE">10</attwidth><atprecis Sync="TRUE">10</atprecis><attscale Sync="TRUE">0</attscale></attr><attr><attrlabl Sync="TRUE">vis40_45</attrlabl><attalias Sync="TRUE">vis40_45</attalias><attrtype Sync="TRUE">Integer</attrtype><attwidth Sync="TRUE">10</attwidth><atprecis Sync="TRUE">10</atprecis><attscale Sync="TRUE">0</attscale></attr><attr><attrlabl Sync="TRUE">med40_45</attrlabl><attalias Sync="TRUE">med40_45</attalias><attrtype Sync="TRUE">Integer</attrtype><attwidth Sync="TRUE">10</attwidth><atprecis Sync="TRUE">10</atprecis><attscale Sync="TRUE">0</attscale></attr><attr><attrlabl Sync="TRUE">pdr40_45</attrlabl><attalias Sync="TRUE">pdr40_45</attalias><attrtype Sync="TRUE">Integer</attrtype><attwidth Sync="TRUE">10</attwidth><atprecis Sync="TRUE">10</atprecis><attscale Sync="TRUE">0</attscale></attr><attr><attrlabl Sync="TRUE">taz45_50</attrlabl><attalias Sync="TRUE">taz45_50</attalias><attrtype Sync="TRUE">Integer</attrtype><attwidth Sync="TRUE">10</attwidth><atprecis Sync="TRUE">10</atprecis><attscale Sync="TRUE">0</attscale></attr><attr><attrlabl Sync="TRUE">ru45_50</attrlabl><attalias Sync="TRUE">ru45_50</attalias><attrtype Sync="TRUE">Integer</attrtype><attwidth Sync="TRUE">10</attwidth><atprecis Sync="TRUE">10</atprecis><attscale Sync="TRUE">0</attscale></attr><attr><attrlabl Sync="TRUE">jobs45_50</attrlabl><attalias Sync="TRUE">jobs45_50</attalias><attrtype Sync="TRUE">Integer</attrtype><attwidth Sync="TRUE">10</attwidth><atprecis Sync="TRUE">10</atprecis><attscale Sync="TRUE">0</attscale></attr><attr><attrlabl Sync="TRUE">hh45_50</attrlabl><attalias Sync="TRUE">hh45_50</attalias><attrtype Sync="TRUE">Integer</attrtype><attwidth Sync="TRUE">10</attwidth><atprecis Sync="TRUE">10</atprecis><attscale Sync="TRUE">0</attscale></attr><attr><attrlabl Sync="TRUE">cie45_50</attrlabl><attalias Sync="TRUE">cie45_50</attalias><attrtype Sync="TRUE">Integer</attrtype><attwidth Sync="TRUE">10</attwidth><atprecis Sync="TRUE">10</atprecis><attscale Sync="TRUE">0</attscale></attr><attr><attrlabl Sync="TRUE">mips45_50</attrlabl><attalias Sync="TRUE">mips45_50</attalias><attrtype Sync="TRUE">Integer</attrtype><attwidth Sync="TRUE">10</attwidth><atprecis Sync="TRUE">10</atprecis><attscale Sync="TRUE">0</attscale></attr><attr><attrlabl Sync="TRUE">ret45_50</attrlabl><attalias Sync="TRUE">ret45_50</attalias><attrtype Sync="TRUE">Integer</attrtype><attwidth Sync="TRUE">10</attwidth><atprecis Sync="TRUE">10</atprecis><attscale Sync="TRUE">0</attscale></attr><attr><attrlabl Sync="TRUE">vis45_50</attrlabl><attalias Sync="TRUE">vis45_50</attalias><attrtype Sync="TRUE">Integer</attrtype><attwidth Sync="TRUE">10</attwidth><atprecis Sync="TRUE">10</atprecis><attscale Sync="TRUE">0</attscale></attr><attr><attrlabl Sync="TRUE">med45_50</attrlabl><attalias Sync="TRUE">med45_50</attalias><attrtype Sync="TRUE">Integer</attrtype><attwidth Sync="TRUE">10</attwidth><atprecis Sync="TRUE">10</atprecis><attscale Sync="TRUE">0</attscale></attr><attr><attrlabl Sync="TRUE">pdr45_50</attrlabl><attalias Sync="TRUE">pdr45_50</attalias><attrtype Sync="TRUE">Integer</attrtype><attwidth Sync="TRUE">10</attwidth><atprecis Sync="TRUE">10</atprecis><attscale Sync="TRUE">0</attscale></attr><attr><attrlabl Sync="TRUE">Shape_Leng</attrlabl><attalias Sync="TRUE">Shape_Leng</attalias><attrtype Sync="TRUE">Double</attrtype><attwidth Sync="TRUE">19</attwidth><atprecis Sync="TRUE">0</atprecis><attscale Sync="TRUE">0</attscale></attr><attr><attrlabl Sync="TRUE">Shape_Area</attrlabl><attalias Sync="TRUE">Shape_Area</attalias><attrtype Sync="TRUE">Double</attrtype><attwidth Sync="TRUE">19</attwidth><atprecis Sync="TRUE">0</atprecis><attscale Sync="TRUE">0</attscale><attrdef Sync="TRUE">Area of feature in internal units squared.</attrdef><attrdefs Sync="TRUE">Esri</attrdefs><attrdomv><udom Sync="TRUE">Positive real numbers that are automatically generated.</udom></attrdomv></attr></detailed></eainfo><mdDateSt Sync="TRUE">20221014</mdDateSt></metadata>
